{"with_parker": {"count-vect-xgboost": {"nuts": {"ir": 0.212, "duration": 0.614786, "proba": 0.8327728986740112}, "milk": {"ir": 0.263, "duration": 0.36209, "proba": 0.8662378370761871}, "gluten": {"ir": 0.135, "duration": 0.343529, "proba": 0.827025318145752}, "soy": {"ir": 0.172, "duration": 0.312419, "proba": 0.8736280202865601}, "peanut": {"ir": 0.027, "duration": 0.349251, "proba": 0.8451979815959931}, "eggs": {"ir": 0.042, "duration": 0.323486, "proba": 0.8626466274261474}}}, "with_constraints": {"count-vect-xgboost": {"nuts": {"ir": 0.069, "duration": 0.274603, "proba": 0.8472086727619171}, "milk": {"ir": 0.113, "duration": 0.264629, "proba": 0.8854178488254547}, "gluten": {"ir": 0.033, "duration": 0.301095, "proba": 0.8719265878200532}, "soy": {"ir": 0.034, "duration": 0.256611, "proba": 0.8694289326667786}, "peanut": {"ir": 0.008, "duration": 0.212374, "proba": 0.8155520439147949}, "eggs": {"ir": 0.014, "duration": 0.24862, "proba": 0.8744678020477296}}}, "lambda": 0.9}