{"with_constraints": {"count-vect-mnb": {"nuts": {"best_params": {}, "train_acc": 0.873015873015873, "val_acc": 0.8603174603174603, "ir": 0.066, "test accuracy": 0.6040268456375839, "metrics": [0.13, 0.29, 0.18]}, "milk": {"best_params": {}, "train_acc": 0.854526958290946, "val_acc": 0.8280586346213614, "ir": 0.111, "test accuracy": 0.6711409395973155, "metrics": [0.17, 0.6, 0.26]}, "gluten": {"best_params": {}, "train_acc": 0.8845360824742268, "val_acc": 0.8783505154639176, "ir": 0.035, "test accuracy": 0.7281879194630873, "metrics": [0.25, 0.71, 0.37]}, "soy": {"best_params": {}, "train_acc": 0.8470343392299687, "val_acc": 0.835556994818653, "ir": 0.034, "test accuracy": 0.6610738255033557, "metrics": [0.14, 0.41, 0.21]}, "peanut": {"best_params": {}, "train_acc": 0.8981562774363476, "val_acc": 0.9376651982378854, "ir": 0.008, "test accuracy": 0.7550335570469798, "metrics": [0.16, 0.65, 0.26]}, "eggs": {"best_params": {}, "train_acc": 0.9150119142176331, "val_acc": 0.9435970404097894, "ir": 0.014, "test accuracy": 0.8221476510067114, "metrics": [0.0, 0.0, 0]}}, "count-vect-logistic_regression": {"nuts": {"best_params": {"clf__C": 0.01738324920699199}, "train_acc": 0.9629640412799656, "val_acc": 0.8983901888415093, "ir": 0.066, "test accuracy": 0.7718120805369127, "metrics": [0.28, 0.33, 0.3]}, "milk": {"best_params": {"clf__C": 0.10548340749772318}, "train_acc": 0.9898270494924908, "val_acc": 0.9074106270594273, "ir": 0.111, "test accuracy": 0.8087248322147651, "metrics": [0.2, 0.37, 0.26]}, "gluten": {"best_params": {"clf__C": 101.6676042906529}, "train_acc": 1.0, "val_acc": 0.9216494845360825, "ir": 0.035, "test accuracy": 0.8993288590604027, "metrics": [0.53, 0.71, 0.61]}, "soy": {"best_params": {"clf__C": 101.6676042906529}, "train_acc": 1.0, "val_acc": 0.9417359667359667, "ir": 0.034, "test accuracy": 0.8590604026845637, "metrics": [0.38, 0.47, 0.42]}, "peanut": {"best_params": {"clf__C": 101.6676042906529}, "train_acc": 1.0, "val_acc": 0.9745336539943885, "ir": 0.008, "test accuracy": 0.9060402684563759, "metrics": [0.27, 0.35, 0.3]}, "eggs": {"best_params": {"clf__C": 101.6676042906529}, "train_acc": 1.0, "val_acc": 0.9690249072602014, "ir": 0.014, "test accuracy": 0.8758389261744967, "metrics": [0.0, 0.0, 0]}}, "count-vect-xgboost": {"nuts": {"best_params": {"clf__learning_rate": 0.6798315404021023, "clf__max_depth": 8, "clf__n_estimators": 200, "clf__objective": "multi:softmax"}, "train_acc": 0.996826513061239, "val_acc": 0.9312067760776865, "ir": 0.066, "test accuracy": 0.8322147651006712, "metrics": [0.42, 0.46, 0.44]}, "milk": {"best_params": {"clf__learning_rate": 0.7414328532151703, "clf__max_depth": 10, "clf__n_estimators": 200, "clf__objective": "multi:softmax"}, "train_acc": 0.9979674796747968, "val_acc": 0.9338727170367427, "ir": 0.111, "test accuracy": 0.87248322147651, "metrics": [0.38, 0.53, 0.44]}, "gluten": {"best_params": {"clf__learning_rate": 0.6922003929609476, "clf__max_depth": 10, "clf__n_estimators": 200, "clf__objective": "multi:softmax"}, "train_acc": 1.0, "val_acc": 0.9247422680412372, "ir": 0.035, "test accuracy": 0.8791946308724832, "metrics": [0.47, 0.65, 0.55]}, "soy": {"best_params": {"clf__learning_rate": 0.6798315404021023, "clf__max_depth": 8, "clf__n_estimators": 200, "clf__objective": "multi:softmax"}, "train_acc": 0.9968771656271657, "val_acc": 0.9490233021483021, "ir": 0.034, "test accuracy": 0.8926174496644296, "metrics": [0.5, 0.5, 0.5]}, "peanut": {"best_params": {"clf__learning_rate": 0.7414328532151703, "clf__max_depth": 10, "clf__n_estimators": 200, "clf__objective": "multi:softmax"}, "train_acc": 0.9991212653778558, "val_acc": 0.9798060617272532, "ir": 0.008, "test accuracy": 0.912751677852349, "metrics": [0.32, 0.35, 0.33]}, "eggs": {"best_params": {"clf__learning_rate": 0.6922003929609476, "clf__max_depth": 6, "clf__n_estimators": 200, "clf__objective": "multi:softmax"}, "train_acc": 1.0, "val_acc": 0.9769689857925152, "ir": 0.014, "test accuracy": 0.9429530201342282, "metrics": [0.12, 0.33, 0.18]}}, "tf-idf-mnb": {"nuts": {"best_params": {}, "train_acc": 0.870899470899471, "val_acc": 0.8687830687830687, "ir": 0.066, "test accuracy": 0.6476510067114094, "metrics": [0.18, 0.38, 0.24]}, "milk": {"best_params": {}, "train_acc": 0.8535096642929807, "val_acc": 0.8474153113021858, "ir": 0.111, "test accuracy": 0.6644295302013423, "metrics": [0.18, 0.7, 0.29]}, "gluten": {"best_params": {}, "train_acc": 0.8690721649484536, "val_acc": 0.875257731958763, "ir": 0.035, "test accuracy": 0.7281879194630873, "metrics": [0.27, 0.82, 0.41]}, "soy": {"best_params": {}, "train_acc": 0.813735691987513, "val_acc": 0.856401122625216, "ir": 0.034, "test accuracy": 0.6711409395973155, "metrics": [0.14, 0.44, 0.21]}, "peanut": {"best_params": {}, "train_acc": 0.887620719929763, "val_acc": 0.9675168096452584, "ir": 0.008, "test accuracy": 0.7583892617449665, "metrics": [0.15, 0.55, 0.24]}, "eggs": {"best_params": {}, "train_acc": 0.8705321683876092, "val_acc": 0.9594953519256307, "ir": 0.014, "test accuracy": 0.8053691275167785, "metrics": [0.0, 0.0, 0]}}, "tf-idf-logistic_regression": {"nuts": {"best_params": {"clf__C": 101.6676042906529}, "train_acc": 1.0, "val_acc": 0.8952211810656825, "ir": 0.066, "test accuracy": 0.7751677852348994, "metrics": [0.31, 0.4, 0.35]}, "milk": {"best_params": {"clf__C": 101.6676042906529}, "train_acc": 1.0, "val_acc": 0.8890931068170151, "ir": 0.111, "test accuracy": 0.8288590604026845, "metrics": [0.27, 0.47, 0.34]}, "gluten": {"best_params": {"clf__C": 101.6676042906529}, "train_acc": 1.0, "val_acc": 0.9175257731958764, "ir": 0.035, "test accuracy": 0.8758389261744967, "metrics": [0.46, 0.74, 0.57]}, "soy": {"best_params": {"clf__C": 101.6676042906529}, "train_acc": 1.0, "val_acc": 0.9250714656964657, "ir": 0.034, "test accuracy": 0.8489932885906041, "metrics": [0.33, 0.41, 0.37]}, "peanut": {"best_params": {"clf__C": 101.6676042906529}, "train_acc": 1.0, "val_acc": 0.9815604476921653, "ir": 0.008, "test accuracy": 0.9093959731543624, "metrics": [0.28, 0.35, 0.31]}, "eggs": {"best_params": {"clf__C": 101.6676042906529}, "train_acc": 1.0, "val_acc": 0.9698210815857875, "ir": 0.014, "test accuracy": 0.8825503355704698, "metrics": [0.0, 0.0, 0]}}, "tf-idf-xgboost": {"nuts": {"best_params": {"clf__learning_rate": 0.6922003929609476, "clf__max_depth": 6, "clf__n_estimators": 200, "clf__objective": "multi:softmax"}, "train_acc": 0.9978835955136705, "val_acc": 0.9057964847529294, "ir": 0.066, "test accuracy": 0.8053691275167785, "metrics": [0.32, 0.38, 0.35]}, "milk": {"best_params": {"clf__learning_rate": 0.6798315404021023, "clf__max_depth": 6, "clf__n_estimators": 200, "clf__objective": "multi:softmax"}, "train_acc": 0.9989837398373984, "val_acc": 0.9247180964681337, "ir": 0.111, "test accuracy": 0.8288590604026845, "metrics": [0.2, 0.3, 0.24]}, "gluten": {"best_params": {"clf__learning_rate": 0.6922003929609476, "clf__max_depth": 6, "clf__n_estimators": 200, "clf__objective": "multi:softmax"}, "train_acc": 0.9989690721649485, "val_acc": 0.9154639175257732, "ir": 0.035, "test accuracy": 0.8489932885906041, "metrics": [0.37, 0.56, 0.45]}, "soy": {"best_params": {"clf__learning_rate": 0.6798315404021023, "clf__max_depth": 8, "clf__n_estimators": 200, "clf__objective": "multi:softmax"}, "train_acc": 0.9989583333333334, "val_acc": 0.9438171344421344, "ir": 0.034, "test accuracy": 0.8557046979865772, "metrics": [0.36, 0.47, 0.41]}, "peanut": {"best_params": {"clf__learning_rate": 0.6798315404021023, "clf__max_depth": 10, "clf__n_estimators": 200, "clf__objective": "multi:softmax"}, "train_acc": 1.0, "val_acc": 0.9806801714303333, "ir": 0.008, "test accuracy": 0.9026845637583892, "metrics": [0.3, 0.4, 0.34]}, "eggs": {"best_params": {"clf__learning_rate": 0.6798315404021023, "clf__max_depth": 6, "clf__n_estimators": 200, "clf__objective": "multi:softmax"}, "train_acc": 1.0, "val_acc": 0.9730019935902289, "ir": 0.014, "test accuracy": 0.9093959731543624, "metrics": [0.08, 0.33, 0.13]}}},