{"with_parker": {"count-vect-xgboost": {"nuts": {"ir": 0.206, "duration": 0.399526, "proba": 0.8263266921043396}, "milk": {"ir": 0.263, "duration": 0.368092, "proba": 0.8662378370761871}, "gluten": {"ir": 0.135, "duration": 0.302608, "proba": 0.827025318145752}, "soy": {"ir": 0.172, "duration": 0.302749, "proba": 0.8736280202865601}, "peanut": {"ir": 0.027, "duration": 0.333878, "proba": 0.8451979815959931}, "eggs": {"ir": 0.042, "duration": 0.329187, "proba": 0.8626466274261474}}}, "with_constraints": {"count-vect-xgboost": {"nuts": {"ir": 0.069, "duration": 0.250957, "proba": 0.8472086727619171}, "milk": {"ir": 0.113, "duration": 0.257598, "proba": 0.8854178488254547}, "gluten": {"ir": 0.033, "duration": 0.251381, "proba": 0.8719265878200532}, "soy": {"ir": 0.034, "duration": 0.239615, "proba": 0.8694289326667786}, "peanut": {"ir": 0.008, "duration": 0.20171, "proba": 0.8155520439147949}, "eggs": {"ir": 0.014, "duration": 0.364554, "proba": 0.8744678020477296}}}, "lambda": 0.9}