{"with_parker": {"tf-idf-xgboost": {"parallel_group": {"ir": 0.553, "duration": 11.770707, "encoder": {"Yes": 1, "No": 0}, "proba": 0.7309026271104813}, "crossover": {"ir": 0.03, "duration": 9.52603, "encoder": {"Yes": 1, "No": 0}, "proba": 0.8364656299352646}, "randomised": {"ir": 0.229, "duration": 11.258674, "encoder": {"Yes": 1, "No": 0}, "proba": 0.8214144676923752}, "controlled": {"ir": 0.217, "duration": 11.096726, "encoder": {"Yes": 1, "No": 0}, "proba": 0.8117103695869446}, "open": {"ir": 0.673, "duration": 12.527683, "encoder": {"Yes": 1, "No": 0}, "proba": 0.8471760123968125}, "double_blind": {"ir": 0.733, "duration": 12.834749, "encoder": {"Yes": 1, "No": 0}, "proba": 0.8493439882993699}, "single_blind": {"ir": 0.021, "duration": 11.872696, "encoder": {"Yes": 1, "No": 0}, "proba": 0.8355617791414262}, "arms": {"ir": 0.001, "duration": 24.398534, "encoder": {"2+": 2, "1": 1, "0": 0}, "proba": 0.5186182022094726}}}, "with_constraints": {"tf-idf-xgboost": {"parallel_group": {"ir": 0.509, "duration": 7.034469, "encoder": {"Yes": 1, "No": 0}, "proba": 0.7242695510387421}, "crossover": {"ir": 0.028, "duration": 5.528027, "encoder": {"Yes": 1, "No": 0}, "proba": 0.8666587740182877}, "randomised": {"ir": 0.15, "duration": 6.459913, "encoder": {"Yes": 1, "No": 0}, "proba": 0.8478258579969407}, "controlled": {"ir": 0.138, "duration": 6.234189, "encoder": {"Yes": 1, "No": 0}, "proba": 0.8455122917890548}, "open": {"ir": 0.562, "duration": 7.502742, "encoder": {"Yes": 1, "No": 0}, "proba": 0.866401469707489}, "double_blind": {"ir": 0.612, "duration": 6.991773, "encoder": {"Yes": 1, "No": 0}, "proba": 0.8652741104364395}, "single_blind": {"ir": 0.018, "duration": 6.050446, "encoder": {"Yes": 1, "No": 0}, "proba": 0.8570182174444199}, "arms": {"ir": 0.0, "duration": 12.956595, "encoder": {"2+": 2, "1": 1, "0": 0}, "proba": 0.8452520906925202}}}, "lambda": 0.9}