{"with_parker": {"tf-idf-xgboost": {"parallel_group": {"ir": 0.554, "duration": 12.006723, "encoder": {"Yes": 1, "No": 0}, "proba": 0.7310812085866928}, "crossover": {"ir": 0.03, "duration": 9.605964, "encoder": {"Yes": 1, "No": 0}, "proba": 0.8364656299352646}, "randomised": {"ir": 0.229, "duration": 10.95273, "encoder": {"Yes": 1, "No": 0}, "proba": 0.8214144676923752}, "controlled": {"ir": 0.217, "duration": 10.966252, "encoder": {"Yes": 1, "No": 0}, "proba": 0.8117103695869446}, "open": {"ir": 0.673, "duration": 11.161902, "encoder": {"Yes": 1, "No": 0}, "proba": 0.8471760123968125}, "double_blind": {"ir": 0.733, "duration": 10.96648, "encoder": {"Yes": 1, "No": 0}, "proba": 0.8493439882993699}, "single_blind": {"ir": 0.021, "duration": 9.474272, "encoder": {"Yes": 1, "No": 0}, "proba": 0.8355617791414262}, "arms": {"ir": 0.001, "duration": 21.377738, "encoder": {"2+": 2, "1": 1, "0": 0}, "proba": 0.5186182022094726}}}, "with_constraints": {"tf-idf-xgboost": {"parallel_group": {"ir": 0.509, "duration": 5.955271, "encoder": {"Yes": 1, "No": 0}, "proba": 0.7242695510387421}, "crossover": {"ir": 0.028, "duration": 4.874037, "encoder": {"Yes": 1, "No": 0}, "proba": 0.8666587740182877}, "randomised": {"ir": 0.15, "duration": 5.887091, "encoder": {"Yes": 1, "No": 0}, "proba": 0.8478258579969407}, "controlled": {"ir": 0.138, "duration": 5.985141, "encoder": {"Yes": 1, "No": 0}, "proba": 0.8455122917890548}, "open": {"ir": 0.562, "duration": 6.151622, "encoder": {"Yes": 1, "No": 0}, "proba": 0.866401469707489}, "double_blind": {"ir": 0.612, "duration": 5.718064, "encoder": {"Yes": 1, "No": 0}, "proba": 0.8652741104364395}, "single_blind": {"ir": 0.018, "duration": 5.1856, "encoder": {"Yes": 1, "No": 0}, "proba": 0.8570182174444199}, "arms": {"ir": 0.0, "duration": 11.003643, "encoder": {"2+": 2, "1": 1, "0": 0}, "proba": 0.8452520906925202}}}, "lambda": 0.9}