{"with_parker": {"tf-idf-xgboost": {"elderly": {"ir": 0.278, "duration": 14.524114, "proba": 0.8178247064352036}, "adults": {"ir": 0.106, "duration": 25.193226, "proba": 0.8440360844135285}, "adolescents": {"ir": 0.228, "duration": 14.386009, "proba": 0.797813281416893}, "children": {"ir": 0.186, "duration": 24.354168, "proba": 0.8022950917482377}, "female": {"ir": 0.033, "duration": 12.683012, "proba": 0.8887955009937286}, "male": {"ir": 0.06, "duration": 11.720836, "proba": 0.8738581985235214}, "healthy_volunteers": {"ir": 0.027, "duration": 10.406938, "proba": 0.8598302721977235}}}, "with_constraints": {"tf-idf-xgboost": {"elderly": {"ir": 0.309, "duration": 11.18995, "proba": 0.8147501170635224}, "adults": {"ir": 0.125, "duration": 10.993809, "proba": 0.8562584280967712}, "adolescents": {"ir": 0.168, "duration": 10.858631, "proba": 0.845516261458397}, "children": {"ir": 0.131, "duration": 10.506022, "proba": 0.8619259357452392}, "female": {"ir": 0.035, "duration": 9.149124, "proba": 0.8915391862392426}, "male": {"ir": 0.053, "duration": 9.934774, "proba": 0.8816368192434311}, "healthy_volunteers": {"ir": 0.028, "duration": 8.981751, "proba": 0.8886300355196}}}, "lambda": 0.9}