{"with_constraints": {"count-vect-mnb": {"elderly": {"best_params": {}, "train_acc": 0.8922634495335625, "val_acc": 0.7706364686881845, "ir": 0.31, "test accuracy": 0.8573680063041765, "metrics": [0.11, 0.59, 0.19]}, "adults": {"best_params": {}, "train_acc": 0.9177411570019995, "val_acc": 0.8576132130418761, "ir": 0.126, "test accuracy": 0.9117415287628053, "metrics": [0.08, 0.83, 0.15]}, "adolescents": {"best_params": {}, "train_acc": 0.9061130815773002, "val_acc": 0.8279449235048679, "ir": 0.17, "test accuracy": 0.8951930654058313, "metrics": [0.57, 0.83, 0.68]}, "children": {"best_params": {}, "train_acc": 0.9215348580876275, "val_acc": 0.8674624616502925, "ir": 0.13, "test accuracy": 0.9054373522458629, "metrics": [0.6, 0.82, 0.69]}, "female": {"best_params": {}, "train_acc": 0.9896532821707551, "val_acc": 0.9717009238002724, "ir": 0.036, "test accuracy": 0.9661150512214342, "metrics": [0.02, 1.0, 0.04]}, "male": {"best_params": {}, "train_acc": 0.9411401522947108, "val_acc": 0.9318094996082417, "ir": 0.053, "test accuracy": 0.8439716312056738, "metrics": [0.02, 1.0, 0.04]}, "healthy_volunteers": {"best_params": {}, "train_acc": 0.9740037039577475, "val_acc": 0.9735236596103123, "ir": 0.028, "test accuracy": 0.9968479117415288, "metrics": [0.81, 1.0, 0.9]}}, "count-vect-logistic_regression": {"elderly": {"best_params": {"clf__C": 0.10548340749772318}, "train_acc": 0.9916528244367586, "val_acc": 0.7864900091924686, "ir": 0.31, "test accuracy": 0.9282899921197794, "metrics": [0.2, 0.56, 0.29]}, "adults": {"best_params": {"clf__C": 0.10548340749772318}, "train_acc": 0.9971040949674439, "val_acc": 0.9100183168907681, "ir": 0.126, "test accuracy": 0.966903073286052, "metrics": [0.19, 0.75, 0.3]}, "adolescents": {"best_params": {"clf__C": 0.01738324920699199}, "train_acc": 0.9847697891095014, "val_acc": 0.8859459021287158, "ir": 0.17, "test accuracy": 0.9605988967691096, "metrics": [0.81, 0.98, 0.89]}, "children": {"best_params": {"clf__C": 101.6676042906529}, "train_acc": 1.0, "val_acc": 0.9207770735739873, "ir": 0.13, "test accuracy": 0.9566587864460205, "metrics": [0.8, 0.95, 0.87]}, "female": {"best_params": {"clf__C": 0.10548340749772318}, "train_acc": 0.9991777442784706, "val_acc": 0.9777990955187064, "ir": 0.036, "test accuracy": 0.9645390070921985, "metrics": [0.02, 1.0, 0.04]}, "male": {"best_params": {"clf__C": 101.6676042906529}, "train_acc": 1.0, "val_acc": 0.9650820865358218, "ir": 0.053, "test accuracy": 0.970843183609141, "metrics": [0.0, 0.0, 0]}, "healthy_volunteers": {"best_params": {"clf__C": 101.6676042906529}, "train_acc": 0.999931403484703, "val_acc": 0.9815489582457058, "ir": 0.028, "test accuracy": 0.9976359338061466, "metrics": [0.85, 1.0, 0.92]}}, "count-vect-xgboost": {"elderly": {"best_params": {"clf__learning_rate": 0.6922003929609476, "clf__max_depth": 6, "clf__n_estimators": 200, "clf__objective": "binary:logistic"}, "train_acc": 0.9998597081930416, "val_acc": 0.8044457369631541, "ir": 0.31, "test accuracy": 0.9535066981875493, "metrics": [0.32, 0.68, 0.44]}, "adults": {"best_params": {"clf__learning_rate": 0.6798315404021023, "clf__max_depth": 10, "clf__n_estimators": 200, "clf__objective": "binary:logistic"}, "train_acc": 0.999793150998896, "val_acc": 0.9211883816470376, "ir": 0.126, "test accuracy": 0.9858156028368794, "metrics": [0.38, 0.75, 0.5]}, "adolescents": {"best_params": {"clf__learning_rate": 0.6922003929609476, "clf__max_depth": 6, "clf__n_estimators": 200, "clf__objective": "binary:logistic"}, "train_acc": 0.9998609179415856, "val_acc": 0.907434892707159, "ir": 0.17, "test accuracy": 0.9747832939322301, "metrics": [0.87, 0.98, 0.92]}, "children": {"best_params": {"clf__learning_rate": 0.6798315404021023, "clf__max_depth": 6, "clf__n_estimators": 200, "clf__objective": "binary:logistic"}, "train_acc": 1.0, "val_acc": 0.9288371452190687, "ir": 0.13, "test accuracy": 0.9661150512214342, "metrics": [0.84, 0.98, 0.9]}, "female": {"best_params": {"clf__learning_rate": 0.6922003929609476, "clf__max_depth": 10, "clf__n_estimators": 200, "clf__objective": "binary:logistic"}, "train_acc": 1.0, "val_acc": 0.9865013019048924, "ir": 0.036, "test accuracy": 0.9582348305752562, "metrics": [0.02, 1.0, 0.04]}, "male": {"best_params": {"clf__learning_rate": 0.7414328532151703, "clf__max_depth": 10, "clf__n_estimators": 200, "clf__objective": "binary:logistic"}, "train_acc": 1.0, "val_acc": 0.9743433879058395, "ir": 0.053, "test accuracy": 0.9802994483845547, "metrics": [0.05, 0.2, 0.08]}, "healthy_volunteers": {"best_params": {"clf__learning_rate": 0.6922003929609476, "clf__max_depth": 6, "clf__n_estimators": 200, "clf__objective": "binary:logistic"}, "train_acc": 0.999931403484703, "val_acc": 0.9841553435368062, "ir": 0.028, "test accuracy": 0.9976359338061466, "metrics": [0.85, 1.0, 0.92]}}, "tf-idf-mnb": {"elderly": {"best_params": {}, "train_acc": 0.8964017675527811, "val_acc": 0.7754069215151987, "ir": 0.31, "test accuracy": 0.8754925137903862, "metrics": [0.13, 0.65, 0.22]}, "adults": {"best_params": {}, "train_acc": 0.9085706405571261, "val_acc": 0.8882989456667737, "ir": 0.126, "test accuracy": 0.9054373522458629, "metrics": [0.06, 0.58, 0.11]}, "adolescents": {"best_params": {}, "train_acc": 0.8944293761735865, "val_acc": 0.8515200096752735, "ir": 0.17, "test accuracy": 0.904649330181245, "metrics": [0.59, 0.81, 0.68]}, "children": {"best_params": {}, "train_acc": 0.9087214108569854, "val_acc": 0.8839212831031638, "ir": 0.13, "test accuracy": 0.9085894405043341, "metrics": [0.61, 0.81, 0.7]}, "female": {"best_params": {}, "train_acc": 0.9784843086199808, "val_acc": 0.9651912113704709, "ir": 0.036, "test accuracy": 0.9661150512214342, "metrics": [0.02, 1.0, 0.04]}, "male": {"best_params": {}, "train_acc": 0.9091033820402004, "val_acc": 0.949440879797274, "ir": 0.053, "test accuracy": 0.7407407407407407, "metrics": [0.01, 1.0, 0.02]}, "healthy_volunteers": {"best_params": {}, "train_acc": 0.9733177858563687, "val_acc": 0.9726319095920773, "ir": 0.028, "test accuracy": 0.9913317572892041, "metrics": [0.61, 1.0, 0.76]}}, "tf-idf-logistic_regression": {"elderly": {"best_params": {"clf__C": 101.6676042906529}, "train_acc": 0.9999298540965207, "val_acc": 0.7831243439995252, "ir": 0.31, "test accuracy": 0.9109535066981875, "metrics": [0.17, 0.62, 0.27]}, "adults": {"best_params": {"clf__C": 101.6676042906529}, "train_acc": 0.9995173269746235, "val_acc": 0.904846977760566, "ir": 0.126, "test accuracy": 0.9637509850275807, "metrics": [0.16, 0.67, 0.26]}, "adolescents": {"best_params": {"clf__C": 101.6676042906529}, "train_acc": 0.9994436524198325, "val_acc": 0.8813552945883363, "ir": 0.17, "test accuracy": 0.966903073286052, "metrics": [0.83, 0.98, 0.9]}, "children": {"best_params": {"clf__C": 101.6676042906529}, "train_acc": 0.99993111049876, "val_acc": 0.9202948470653073, "ir": 0.13, "test accuracy": 0.9739952718676123, "metrics": [0.88, 0.98, 0.93]}, "female": {"best_params": {"clf__C": 101.6676042906529}, "train_acc": 1.0, "val_acc": 0.9830067150883925, "ir": 0.036, "test accuracy": 0.9716312056737588, "metrics": [0.03, 1.0, 0.06]}, "male": {"best_params": {"clf__C": 101.6676042906529}, "train_acc": 0.9999313940724479, "val_acc": 0.9704329629824289, "ir": 0.053, "test accuracy": 0.9684791174152876, "metrics": [0.0, 0.0, 0]}, "healthy_volunteers": {"best_params": {"clf__C": 101.6676042906529}, "train_acc": 0.999931403484703, "val_acc": 0.9856643351379204, "ir": 0.028, "test accuracy": 1.0, "metrics": [1.0, 1.0, 1.0]}}, "tf-idf-xgboost": {"elderly": {"best_params": {"clf__learning_rate": 0.6798315404021023, "clf__max_depth": 8, "clf__n_estimators": 300, "clf__objective": "binary:logistic"}, "train_acc": 0.9998597081930416, "val_acc": 0.788314088028868, "ir": 0.31, "test accuracy": 0.9440504334121356, "metrics": [0.28, 0.71, 0.4]}, "adults": {"best_params": {"clf__learning_rate": 0.6798315404021023, "clf__max_depth": 10, "clf__n_estimators": 200, "clf__objective": "binary:logistic"}, "train_acc": 0.9997241949928279,