{"with_parker": {"tf-idf-xgboost": {"elderly": {"duration_secs": 33.312707, "imbalance ratio": 0.315, "proba": 0.943297415971756}, "adults": {"duration_secs": 29.864589, "imbalance ratio": 0.127, "proba": 0.988800585269928}, "adolescents": {"duration_secs": 28.461896, "imbalance ratio": 0.182, "proba": 0.9839280843734741}, "children": {"duration_secs": 26.599455, "imbalance ratio": 0.136, "proba": 0.9908376336097717}, "female": {"duration_secs": 20.094114, "imbalance ratio": 0.036, "proba": 0.9991506934165955}, "male": {"duration_secs": 21.471381, "imbalance ratio": 0.053, "proba": 0.9978429675102234}, "healthy_volunteers": {"duration_secs": 20.676745, "imbalance ratio": 0.029, "proba": 0.9988678395748138}}}, "with_constraints": {"tf-idf-xgboost": {"elderly": {"duration_secs": 29.909342, "imbalance ratio": 0.309, "proba": 0.9522408843040466}, "adults": {"duration_secs": 27.820683, "imbalance ratio": 0.125, "proba": 0.9913946688175201}, "adolescents": {"duration_secs": 26.887818, "imbalance ratio": 0.171, "proba": 0.9853195250034332}, "children": {"duration_secs": 26.479301, "imbalance ratio": 0.13, "proba": 0.9902574419975281}, "female": {"duration_secs": 20.17712, "imbalance ratio": 0.036, "proba": 0.9987502694129944}, "male": {"duration_secs": 21.219061, "imbalance ratio": 0.052, "proba": 0.9978086948394775}, "healthy_volunteers": {"duration_secs": 20.783335, "imbalance ratio": 0.028, "proba": 0.9989347159862518}}}, "lambda": 0.97}
